-1.734620358466523,-0.46507683122250854,0.0
-19.080139754751396,-17.395744865038576,0.0
-19.366568517516946,-17.951445911524452,0.0
-2.085311346360123,-2.3962319424740275,0.0
-6.924209874520047,-8.997875814118004,0.0
5.496210310458932,5.64616062895663,0.0
-2.5832672083077264,-2.803658753671125,0.0
-41.369578020839285,-42.16972747734063,0.0
-22.798466822528635,-22.044499730041636,0.0
9.275101452590842,9.99862832502079,0.0
7.387157415527084,5.049611174044328,0.0
-4.099040956827725,-3.5158190288879743,0.0
5.29772367910053,6.779070875651147,0.0
25.17015873868724,124.1658700200688,100.0
21.953039530408187,119.90599369786351,100.0
3.8003686927106712,1.9327452106675749,0.0
-10.89307575942002,-8.538702039342361,0.0
-12.69840969829001,-14.13138703196907,0.0
8.179947768895405,9.826390229941111,0.0
16.45202968008629,116.08294797528492,100.0
28.46428023609719,129.18535328845562,100.0
-1.7592904396759232,-4.478059697524403,0.0
26.824427068082176,125.96002397811957,100.0
-11.823715959094185,-13.744962556233016,0.0
40.174611616220545,141.17537090836808,100.0
15.447194208460349,112.97953638008173,100.0
-25.334575232959917,-24.998794311475784,0.0
-19.747532942765304,-19.103447129536814,0.0
-8.516612529922892,-6.5380940540742465,0.0
3.0869184250169712,1.8455126933046246,0.0
-7.174678183200816,-7.618994153332554,0.0
-0.15245325661772435,-1.9147083140524424,0.0
-17.609259344786498,-17.24949798221357,0.0
2.6635500483628376,4.220957951550742,0.0
32.31270039962351,131.14122294098127,100.0
22.87850323258755,121.0730184000578,100.0
-4.986059567768487,-3.34681845567713,0.0
-11.628640122801,-12.590151519606836,0.0
-10.84088266593805,-11.488782366260127,0.0
-16.812899415180752,-16.000584823164793,0.0
-16.476352953134136,-16.030988062226164,0.0
-11.490708085697642,-10.028817711678583,0.0
17.697137193972956,116.86148678445832,100.0
35.36327532323112,137.23357231211202,100.0
3.787991418009657,3.3313233844737806,0.0
-5.83479555275758,-5.628971293727398,0.0
10.356557819084033,112.20079713827815,100.0
-24.84977807612702,-26.019213369832464,0.0
-5.980476649831763,-4.636048808279297,0.0
-12.70395194848861,-14.729164788273,0.0
-22.919174063402327,-23.915729756326794,0.0
-25.728462284434208,-26.049307291167217,0.0
-7.634620059405981,-8.510251741183081,0.0
-15.595623670315467,-14.597527888434465,0.0
8.210340680876824,7.558637623542456,0.0
-22.6796397847237,-23.117043335949774,0.0
-35.34476104579413,-34.001668605714,0.0
-9.513347057785012,-10.354767198244975,0.0
19.486382107984777,119.1249098117909,100.0
26.54912378067937,126.20343960875093,100.0
37.21713824145343,137.46685742692088,100.0
-14.357758655711377,-12.906704369611962,0.0
4.682938471712982,3.3653369751101647,0.0
9.829670107874845,9.761163308985047,0.0
-32.518947079406715,-32.20780363015758,0.0
-21.622501821930573,-20.410417074920634,0.0
31.98658253599757,132.09907879324962,100.0
20.144897306154512,119.37451260347271,100.0
36.83038035020709,138.2729636603896,100.0
-24.782045329200223,-25.45830027448969,0.0
2.732454734228538,1.5529768083362931,0.0
3.8873843833802515,6.321141550439514,0.0
-10.807796306246432,-7.525059593518012,0.0
-34.22393004059687,-32.12626951651369,0.0
-4.867384453714017,-4.668246445533381,0.0
9.729095048175184,9.027214139148493,0.0
-2.147565706983182,-4.762753341228258,0.0
-20.356842294430475,-19.38442251854596,0.0
13.392789975183703,111.92289373715964,100.0
-22.92814857735061,-23.25423468192524,0.0
2.713611125509383,5.594853730450966,0.0
-19.72287272745983,-18.349648889985648,0.0
-30.2868135245998,-31.754953051476654,0.0
10.699411071614907,108.05387788641791,100.0
-38.64500745725392,-38.706373394997925,0.0
-55.96390270769137,-55.923643149791495,0.0
-11.446392983537736,-10.607887120113888,0.0
16.0613592972487,116.55142255664323,100.0
-6.967706853952636,-4.756309419448356,0.0
-17.801629359062137,-17.843421485032888,0.0
-22.38169933683162,-22.97335355943203,0.0
-11.892889607083404,-13.584410361106018,0.0
7.89058413114574,9.62107404273791,0.0
17.02741868827164,117.02953751266011,100.0
-8.273613310255493,-6.756111437257696,0.0
7.114547454919805,5.959898337946756,0.0
25.12826408648666,121.84451326356027,100.0
35.99134972271773,134.27719881202762,100.0
-21.226213591830277,-21.427778710406045,0.0
2.178496335752817,2.3401857491839713,0.0
18.816378303866554,116.704287267059,100.0
15.190571093047511,114.41764431363818,100.0
2.8573062411721355,5.527903646552088,0.0
-9.552156846838246,-11.70002330040006,0.0
13.008360715571907,113.97354764428684,100.0
14.334954141156594,115.05271514896394,100.0
11.435856467366158,112.61890833168661,100.0
29.616533263963444,131.4668933240114,100.0
8.983596772895112,11.720588160853744,0.0
-14.540813834231662,-17.141317791194304,0.0
49.082363137381,147.68519393031735,100.0
-23.080018347009496,-22.060439847153695,0.0
48.491051920462496,149.48295432645162,100.0
11.068673430523843,110.96151995263347,100.0
-0.2887187589473969,0.1678369581285909,0.0
30.84127779907983,129.4752894544253,100.0
-5.582140545616825,-5.628046273640389,0.0
-34.14520078260069,-31.923528780671298,0.0
8.329333300625581,8.531734943429923,0.0
31.59670056202029,130.70626213225904,100.0
4.49976887661167,5.283863168121711,0.0
19.659298250112446,120.27540212393329,100.0
-6.103564491465888,-5.55685167011404,0.0
10.242872895449484,111.65031653766282,100.0
2.93382422906501,3.2057831885595056,0.0
-36.669760632291336,-35.71189113794975,0.0
-31.086860561017843,-32.42502543289029,0.0
-8.103283935676464,-6.747667963361733,0.0
17.724161170882113,119.74343382638023,100.0
-26.49405454348982,-28.115172330452303,0.0
20.64361079260589,121.88313671905127,100.0
-5.0588402803338495,-6.866255180228144,0.0
25.782449484203248,127.11305788189466,100.0
24.630726220927304,123.18264260773576,100.0
-6.755916705279827,-4.98173266652748,0.0
-12.559721752141268,-13.00238090062591,0.0
2.2629116111931618,2.453201993876542,0.0
-24.345628629015458,-24.980763477975632,0.0
-3.3592319542250597,-4.374347720716624,0.0
-26.86447027414706,-27.765628686692423,0.0
-7.894237812500085,-6.3980748151892195,0.0
13.414975547371768,114.59499738019268,100.0
-4.848364494157247,-3.9888142865623184,0.0
15.714632912788733,114.71314871867983,100.0
-13.480053277124266,-12.689116693177203,0.0
2.573773020462424,2.008749099686971,0.0
-8.666693364191584,-9.236384888028272,0.0
0.23873594862629713,0.2542890468705056,0.0
1.977272587795691,1.161468529313601,0.0
-19.669641551091367,-21.051146190751616,0.0
12.396394704330524,111.90801956365382,100.0
-16.966001411248023,-13.944932555500344,0.0
9.174600741035942,9.230885828959817,0.0
3.3127846461087445,1.8905797161029079,0.0
25.729173226795265,124.92816006145489,100.0
23.71066931038664,125.89224211720855,100.0
14.681633735006221,115.91806397202276,100.0
7.386789170533336,7.5317295929213195,0.0
15.014244338455812,115.99032098205203,100.0
-26.907947891411002,-26.812714061937967,0.0
8.28537527937525,8.447734616676142,0.0
0.7341761345684487,2.2483959262981066,0.0
-3.2071883332655076,-2.9039628522207965,0.0
16.058712052642488,114.08130148516774,100.0
-9.853047053585968,-7.67117832779266,0.0
-16.639538356873746,-18.45172632092241,0.0
4.484274716518527,4.172290592653803,0.0
12.687082601207944,113.69620779649121,100.0
9.052694134289757,10.704266103692342,0.0
-32.22042621434165,-30.701877125011634,0.0
27.574331346349073,127.66608137758281,100.0
4.64659249888167,7.218717767187929,0.0
-21.760741622110718,-20.955321141699844,0.0
8.937960209014026,8.793602283641473,0.0
4.480192815957027,5.33911771429449,0.0
-24.713240597214835,-24.350598063051635,0.0
31.560385462884756,132.2625811029993,100.0
22.091284594174855,120.54788593081366,100.0
4.832581925823836,5.167003750654534,0.0
-21.150845588882216,-20.636059122395498,0.0
-17.40066073420788,-17.659544817906536,0.0
10.999047227283194,111.28093278229713,100.0
9.111022500171302,11.042820775303198,0.0
-7.584922991309639,-7.724849079374425,0.0
11.738126805764713,113.71750837113781,100.0
19.68554662906428,116.81542598268739,100.0
10.275099109833464,108.86408914440528,100.0
-2.5434010379234024,-1.9441666036827856,0.0
18.31899506043958,118.5613378850741,100.0
-31.136098279048046,-31.604342538607845,0.0
15.093694043459166,115.18661503144122,100.0
0.27073044791334744,-0.070377397339076,0.0
17.580332627024486,119.28982590174982,100.0
-6.858346246601134,-8.32102908790274,0.0
-4.766348893659304,-5.301459926505497,0.0
7.860010628089799,7.286948370910042,0.0
9.575987845546386,6.569623009994876,0.0
-4.387981247130519,-5.401727156916719,0.0
6.522599251020509,8.39355336691332,0.0
3.3260197396994005,2.767186100912334,0.0
-6.978315970659505,-9.89322194288972,0.0
30.073465657115975,130.62906165947254,100.0
-8.204138870353091,-7.949686841201034,0.0
33.351630149470544,132.78922275039108,100.0
4.488987379771326,5.135433878694003,0.0
-20.98209910723186,-23.541144257958784,0.0
6.035045685786307,8.370665106566564,0.0
18.514398224773032,120.14222284977606,100.0
35.239015323992625,136.51178945139287,100.0
-40.95131714011874,-39.7818250045156,0.0
12.294063225135417,114.21023732010119,100.0
7.3676062038584025,8.261464152872025,0.0
13.40963507694473,113.48592819350397,100.0
38.94091529826358,136.2682308489556,100.0
22.972023287222918,122.31659281665254,100.0
-9.65138234144896,-9.76416127117208,0.0
2.590621303776614,2.2065489056145173,0.0
-0.8870292707015565,-1.505341870782847,0.0
-25.584241264431714,-26.478338856541587,0.0
-0.6882129785458372,0.09536981133906322,0.0
31.025807963954897,133.89221036404368,100.0
18.97548192888699,119.39437144445074,100.0
-4.661118518984485,-3.5013735899577347,0.0
11.392862295441192,112.8473031515789,100.0
10.34721688769435,111.26777541103128,100.0
35.316360406955674,136.70095473190813,100.0
-22.909517205179906,-22.704525553517747,0.0
-36.91461415027096,-37.05189401137484,0.0
21.99834501512415,122.89998246824871,100.0
14.152251967238074,114.33916993886227,100.0
10.801469403258052,109.93956683060043,100.0
15.084173450633948,114.1522141635672,100.0
-14.747591946399996,-16.497854002794575,0.0
21.05093783178339,121.84903774397668,100.0
1.396669674301915,-0.47920681738675297,0.0
-3.216751475641616,-3.9447362490442424,0.0
-11.44002647524851,-12.899978568174589,0.0
6.415813517350397,3.2471230999049348,0.0
-33.406884210065165,-33.876865298596364,0.0
22.431345247565407,123.11011546539427,100.0
17.4154863629313,115.09653292433995,100.0
-0.26861899685384216,1.2157619684548995,0.0
-17.899456258953663,-17.674859710887407,0.0
0.4377446627965582,2.3356715191146917,0.0
37.47886037917412,136.94933634730387,100.0
-1.8957692592078188,-1.7139359312317477,0.0
-2.635410379959011,-2.216117783130492,0.0
-8.726321284844651,-9.004541259738403,0.0
-11.33325083241975,-12.434700895456842,0.0
7.107679356160521,6.426091077634037,0.0
-13.220719052468533,-12.550135309374964,0.0
11.915889416556464,111.04676374903607,100.0
10.038564007509432,110.66741581607127,100.0
56.88814955528107,154.82228005357024,100.0
11.51388697431226,114.19704210790864,100.0
22.446616498853807,121.74994737317223,100.0
-29.41548856567673,-26.396116083290504,0.0
7.523280670696625,7.848267063125964,0.0
10.308816127586741,110.53031523252169,100.0
-10.340853692242082,-9.801966801605378,0.0
-1.5398810960806633,-0.262512252255229,0.0
6.470742923050295,5.1760399412291695,0.0
-33.24245019163379,-30.37326407010331,0.0
16.736555341630535,115.92068471554725,100.0
-32.72813213943599,-31.166949674295374,0.0
2.79689441035113,4.416019487561363,0.0
23.080776408265024,122.81097218530759,100.0
-18.359358809489795,-18.069974959244046,0.0
21.068129559818193,119.77374607868843,100.0
-30.104531381975544,-29.73320097380554,0.0
-8.207068365985528,-7.728519394536417,0.0
-21.692383988596614,-21.437209382563122,0.0
-17.390278684964493,-17.47375373906895,0.0
27.378821071134666,127.03656598256522,100.0
-13.990008890298158,-13.839613577984382,0.0
1.6965459268680783,1.0505856921322887,0.0
-17.76538486792247,-19.91734158111167,0.0
29.550776183528694,131.90132645872717,100.0
-6.216714493583522,-7.378829038769404,0.0
39.29349847266251,136.74816871865343,100.0
-5.535023435089401,-6.029816612220221,0.0
-3.323593390661448,-3.4954952166062245,0.0
9.84225708780729,10.376941718202605,0.0
8.276221719849735,8.611896871694293,0.0
4.702882064731395,2.247191130825084,0.0
11.544136314380665,110.48651344282268,100.0
-26.190575534838654,-26.01184417634817,0.0
23.655477745725577,123.24340486914613,100.0
-1.9772427826597672,-2.0458424247213873,0.0
21.377896543990364,120.63865524309348,100.0
-1.422578595051937,-0.11599503893338717,0.0
26.812387168264074,126.74484009125572,100.0
-11.594988496446776,-9.050143420285602,0.0
21.957194250116366,121.86052922371815,100.0
10.17919108578612,111.94463772726118,100.0
-15.851766863840233,-16.509383820542045,0.0
-25.078013581988515,-23.703089047098253,0.0
-11.100934287144433,-14.082676351137003,0.0
-5.110409663222892,-4.666340813912532,0.0
22.870770166711594,120.3640194188259,100.0
-10.825767412333303,-9.917486881428466,0.0
4.969447376061936,1.3799074739329984,0.0
21.429326673962933,121.02045746263286,100.0
-34.5531098003173,-37.634439302621885,0.0
-27.54681468493553,-27.993578971474513,0.0
8.986673619497576,9.834134307345915,0.0
26.780963174492804,124.80563203795099,100.0
35.15472166365273,134.4205075784167,100.0
16.98523665047219,117.86854312374543,100.0
7.453712965553449,9.583725351155081,0.0
2.7907166020144154,3.144067063932306,0.0
20.03661904426201,119.10797133431379,100.0
19.545120485243867,118.55417217349492,100.0
17.80819116691501,118.69200592301837,100.0
-33.60055065320356,-35.32821737073719,0.0
-24.9598554962265,-23.02562001208562,0.0
-51.91212334540945,-51.970814743891594,0.0
-1.8810736690597063,-0.6675545998327872,0.0
-1.0420763285754886,-1.1867640641653963,0.0
3.5324573412034193,5.323901560387112,0.0
-10.654906224793809,-9.858578439009998,0.0
-6.202302840721682,-5.153335239527301,0.0
-31.470785506531247,-30.720190115868245,0.0
-0.8856481517864014,-0.3043452051764344,0.0
-13.994265166003665,-14.029402820638499,0.0
5.600296691043714,6.656095905246419,0.0
-7.908259075203121,-8.19934741758849,0.0
-2.57794823908477,-1.7029743106908133,0.0
-37.53967204061601,-36.36409894644516,0.0
-14.872160815524515,-16.066509441464177,0.0
25.217129064619677,124.13374254267649,100.0
0.9400173734641806,-0.23401931977214857,0.0
-55.52671584838763,-54.30474308279331,0.0
-22.58019522790599,-19.52422063555757,0.0
-4.409415227789284,-4.482790981412722,0.0
-9.446284263259706,-9.146123084622781,0.0
38.19974904966273,138.6519722235353,100.0
22.48505783063949,123.01997732777366,100.0
-16.129954017547053,-14.013670479967761,0.0
8.459920294122957,10.040634706087356,0.0
1.401477018320553,-2.2464570509876554,0.0
40.776082191289234,141.10024560034478,100.0
19.640315403674336,123.23924177435715,100.0
-17.539923465762016,-16.64128327039417,0.0
-6.341707292533078,-5.750821455578426,0.0
-40.070007797650256,-37.56676216274597,0.0
27.770683689130024,129.4743844163984,100.0
-2.480927961780972,-1.89932112018201,0.0
37.59614674767507,135.77222706281262,100.0
-13.14160590247367,-12.049447454708861,0.0
22.215047540128435,123.0970725621275,100.0
19.67827547983407,119.76676885438525,100.0
-3.1709450272019195,-3.275866397877901,0.0
24.590363584080276,123.80482007873854,100.0
25.750877326774635,128.7286906061195,100.0
-8.67013552052745,-8.406724323661765,0.0
12.91629204481461,110.26437361489766,100.0
43.32877718394036,143.79418222624497,100.0
2.3810678538442085,2.2644652027416896,0.0
2.5656028611291606,1.9485012800678487,0.0
16.640192177084366,116.3927677739194,100.0
0.07408290473767076,0.08145389929391622,0.0
-20.382077913910134,-19.220785761155142,0.0
-2.7712535391033972,-3.222766839759911,0.0
-12.410726992393665,-10.1742509671567,0.0
9.782291992234246,10.293194983002214,0.0
-22.83978638182091,-24.503235397048652,0.0
-2.3250092763736534,-0.4020916308440726,0.0
26.437175685798795,126.88432144942819,100.0
-26.81908451672429,-26.952189302831417,0.0
1.8395324380661193,3.311868570741492,0.0
-3.260828963092005,-2.168211691625589,0.0
28.504392444472167,130.11142007988107,100.0
2.4551795179778573,3.624834898638223,0.0
-33.3905294319102,-34.297815399989204,0.0
-36.521520717035884,-35.54079027788973,0.0
-9.419353769456178,-9.177424198566015,0.0
-21.547236084820387,-21.43125565040509,0.0
16.995656992589492,116.48169952434023,100.0
-34.46782745340083,-33.46967481968306,0.0
6.948631868420892,4.589399412855343,0.0
10.29514187166052,109.911348790974,100.0
29.927917864232697,131.5248308172402,100.0
-26.74651946141617,-25.19862528868253,0.0
-4.795748757527221,-4.891178880513558,0.0
0.08448012820347284,2.195758373849136,0.0
42.13306361811216,142.07158677582848,100.0
14.254709165011802,114.63282634511256,100.0
-4.378033709527932,-6.966888880805691,0.0
27.554577446226535,125.50897615042044,100.0
-13.613416335002245,-15.338554744173694,0.0
20.48091451654152,119.29049577865102,100.0
23.412086340698107,123.50826723848587,100.0
-33.19903178708532,-31.802825761838978,0.0
-3.0100476422833937,-2.1242745830553336,0.0
-10.936357253133902,-10.917200426739479,0.0
11.291890747023999,110.90912145950735,100.0
14.554185152446523,114.49812008889656,100.0
29.377230228867194,131.10244555379006,100.0
29.80006818516348,128.24541509057065,100.0
8.522111612436527,9.447533703374003,0.0
14.788927264547187,114.25275671743498,100.0
-5.0487516892672835,-3.839215868398523,0.0
-15.862071874994383,-15.310308375857597,0.0
-18.63612248830229,-20.366610332624102,0.0
-2.7288456922592013,-3.700603192382087,0.0
4.29311618671244,6.192756311432693,0.0
-30.1595068853692,-32.31669556854682,0.0
13.329284997210527,110.76040308142538,100.0
-10.768152121644485,-9.60578170462998,0.0
-49.220448351082965,-49.37556112026959,0.0
-3.816786822664788,-4.550771520152996,0.0
-13.054255735635138,-12.646081950302307,0.0
-29.568322627916118,-28.494845133829948,0.0
11.516064018032992,111.1615089061567,100.0
-42.13357674252221,-44.88238714063697,0.0
-48.62699887198248,-46.10464930605215,0.0
15.328444846247262,116.65888599568254,100.0
-16.527599680965277,-13.312230881893392,0.0
1.9945980588578054,2.764767884531888,0.0
36.46933739429894,136.51828876907757,100.0
4.6734526406450225,4.324605766324167,0.0
20.468384275685302,118.80711698298335,100.0
22.081616252366395,123.45818248405571,100.0
-2.1455795428902182,-0.5171300514759383,0.0
-29.37909926290951,-27.892210638722936,0.0
-11.536315759440022,-13.840525849330447,0.0
8.174414447609609,9.600484577662774,0.0
11.243254039703766,113.19897489926026,100.0
-28.006193954186458,-30.31261083568315,0.0
-26.587566447293796,-27.215199922335167,0.0
-5.382834540658269,-5.014813468772331,0.0
8.340400870955492,11.03276312472639,0.0
-21.885608586611827,-22.243351173304692,0.0
-48.26609129436131,-48.5670837296393,0.0
-3.1114246686295473,-3.6951675998030225,0.0
-58.317442863527816,-57.542202056935494,0.0
18.806029346797757,117.13020429303369,100.0
7.524328287357653,8.97996935094768,0.0
6.992511756112904,7.5434167783193935,0.0
18.921185463419953,119.2961081870291,100.0
-2.989580455850443,-5.2236479459986525,0.0
-6.375446569035576,-7.652457412165152,0.0
-8.16499048938046,-6.964474078123859,0.0
14.899332896154005,114.93323698424538,100.0
7.50072041736807,7.095840727240264,0.0
-22.980721021556686,-25.293125111176803,0.0
-4.8796249555140605,-4.715957797178874,0.0
-2.5355500383750194,-3.449745098530274,0.0
5.530529122105485,5.035430160151177,0.0
-9.544983130583757,-8.123613306996436,0.0
-2.2089738204636955,-0.7093190070348321,0.0
-15.136282350508708,-16.114031324983458,0.0
-6.030854523328163,-7.028135636804931,0.0
-7.126280545500416,-9.404720558130649,0.0
35.998228242092566,135.48876393481672,100.0
-56.287411982975826,-54.93570484197887,0.0
15.20325825425355,115.30482014108635,100.0
16.955402159919263,115.88451548657653,100.0
-20.37306963422797,-19.35270116982312,0.0
31.129705192426368,131.76197467898274,100.0
24.884088371381264,124.87452088158308,100.0
-36.09795737158916,-35.4258543698674,0.0
26.54443685512943,125.53864977333319,100.0
-19.12180945892264,-19.44753095195379,0.0
-9.944106404543682,-10.098264052580538,0.0
35.530661810468466,135.5757102693755,100.0
-35.44822865850626,-36.072113697773666,0.0
-33.03792513369882,-31.998818012885927,0.0
17.761755001854773,118.59579453697795,100.0
8.079814493958716,7.282993118183675,0.0
-14.255392913446725,-13.927360227702552,0.0
2.4321772231422316,3.0867694427749592,0.0
2.979734089047275,2.6232658145277923,0.0
18.232052511908655,119.24237927808541,100.0
32.21565784016331,133.1278199053281,100.0
-1.9594112202222822,-0.5893111903921129,0.0
3.2112892322141406,7.37500248044308,0.0
10.418191506210981,109.34907774748928,100.0
17.437151204576313,117.56600609269135,100.0
-18.49940695427574,-20.174942327343494,0.0
-19.146371867046533,-17.259512988942937,0.0
-23.536705772266394,-27.36025488062721,0.0
-12.447057236518816,-10.372525950056964,0.0
5.571909288229439,6.177478023399374,0.0
55.892243632122934,156.66583709734172,100.0
7.481750980713648,7.234103112879513,0.0
7.962872722809486,11.469343695695011,0.0
-25.547080830778782,-26.536315912308776,0.0
-9.457272296507739,-7.856029650555111,0.0
-18.093284288081737,-18.45585794818116,0.0
-7.050888297528426,-6.805633049834087,0.0
-34.016317302599106,-37.50691002453972,0.0
4.590331651471697,2.391737882169229,0.0
-19.355557514211377,-18.83310633082964,0.0
-56.349814162385165,-56.05816444918829,0.0
-16.973822644835074,-16.531150715572853,0.0
10.24251992932685,109.78104734163117,100.0
-41.79764793297315,-39.86232528622154,0.0
14.394822372765296,112.94481299254468,100.0
6.632372055089118,6.017746732298404,0.0
5.0962264772266535,3.1876107549305273,0.0
-21.19331126869593,-22.52681185863639,0.0
-7.967937420616074,-6.9442245747265785,0.0
25.80510567108766,126.16227099541914,100.0
-37.16783351606061,-36.670495310534974,0.0
-0.4599868245897809,-0.9093591881951796,0.0
-0.3465762820769648,0.7108309888902758,0.0
-16.952103155731418,-17.071426491492083,0.0
-16.37033752161132,-14.691736730659846,0.0
17.753963424298234,118.73350569410636,100.0
0.3958472835708625,-2.02575262114026,0.0
4.542831254468169,6.303514628556041,0.0
-24.921221643374928,-27.40693780138523,0.0
-9.867981900078519,-8.738393166320236,0.0
2.4820895891275194,-0.4005433638891873,0.0
33.83565467336528,132.36802959802816,100.0
27.978363272270556,129.7552916151024,100.0
7.174148683507727,6.561494023793786,0.0
-56.099196649723424,-57.146060540708326,0.0
26.746323732936336,125.09790584053401,100.0
-11.094579928821796,-13.310142697325059,0.0
-19.25936016367371,-21.847683013929533,0.0
7.883991625958316,7.6360434714832595,0.0
-2.839617538488438,-0.08293929322084637,0.0
-27.644877383262234,-25.728874148858303,0.0
13.697951677891403,114.86190852179573,100.0
-6.4655671196292195,-8.193767696846015,0.0
10.982221449068742,109.50519584466362,100.0
1.0065785090646524,0.6414183105635556,0.0
12.877718831321262,111.03652777333136,100.0
-27.196304995895183,-29.499882493188853,0.0
-3.7754364837604584,-2.713955020867224,0.0
-23.479258708400707,-25.034268652671383,0.0
12.36874040051137,113.6934473011637,100.0
-42.49298764664058,-41.056048629845975,0.0
-5.7211510067844715,-5.36871207710962,0.0
-27.458013423325728,-25.425289201442776,0.0
11.250506164576436,112.53656851645157,100.0
-9.125559333569395,-7.582225578186496,0.0
6.0875676006551,8.045900846621937,0.0
-23.035000197017688,-24.814232907844495,0.0
13.32462927199252,114.49588726760693,100.0
4.739919381002112,2.7883610769445735,0.0
20.02575839443519,119.9748030563292,100.0
-8.148505892175843,-7.872242896305307,0.0
-27.61316223821692,-30.415199656856053,0.0
2.750053816930586,4.471746537189384,0.0
-4.558429758806274,-7.292069132821516,0.0
-10.599851444869334,-11.990684148969422,0.0
20.49303688150772,120.19973671808582,100.0
5.097732491603429,4.576846777144987,0.0
15.25266705065412,116.5955896271147,100.0
-4.124337642044709,-5.269412092657468,0.0
19.697775273184273,118.5589554021944,100.0
-27.086741660737093,-26.388724152513397,0.0
4.020342859077971,5.703321265923445,0.0
-14.16709041064012,-13.208613887480157,0.0
10.436391026546007,109.21888522311708,100.0
2.2696431840046243,0.4560509001933996,0.0
23.459540713174288,123.72637958729648,100.0
43.22022717990041,143.92484156382602,100.0
22.29400558189769,122.65142513322071,100.0
15.452747466540943,114.3753694307257,100.0
-18.145228162939848,-18.508080846969573,0.0
8.944163245978455,9.367747900685274,0.0
-23.250474722733045,-24.93890675725022,0.0
25.08396262509894,125.9041537393188,100.0
24.998682315080053,125.63510204128002,100.0
-0.9685448343598559,-0.3966947448200624,0.0
54.71919306336758,155.49968048995342,100.0
-5.259410480055076,-5.165363106316779,0.0
-0.5267400799240421,-2.2353351386322546,0.0
-7.76226418826053,-7.154149355998396,0.0
-17.968383034276837,-14.694187654657114,0.0
-11.7482688044336,-10.434052428485364,0.0
27.50609092953068,125.73791471561412,100.0
4.110100509329662,5.788002554926911,0.0
16.39814317541462,115.28937784925157,100.0
-24.660118689864056,-26.156527580362454,0.0
-11.90831562213401,-12.39690493493211,0.0
2.8483737444573585,1.15603833943617,0.0
2.1587002744072805,1.4052666234329019,0.0
-13.068626550574521,-13.273688722072306,0.0
-15.544433595182277,-13.577224093488308,0.0
-16.41606303897385,-17.69018104267411,0.0
-1.2136962411226255,-1.3848588775722863,0.0
-6.204248725054352,-5.6590022833737486,0.0
7.03117550786543,4.914024290191289,0.0
3.8362690777196935,2.292710009493977,0.0
6.847220141217428,8.854499477085447,0.0
-23.528884857466338,-23.33183243408678,0.0
-6.89069933492995,-5.966868846758867,0.0
20.62139681175999,120.63355337598894,100.0
22.265285316139842,121.42675056923812,100.0
-4.814793454945206,-5.612073982714286,0.0
-7.903146068821089,-8.132797544497622,0.0
6.49017825404419,8.795999253759947,0.0
-0.2083063362936023,-0.6722363105420314,0.0
-20.061394980142676,-19.02780409614956,0.0
20.219197943655352,120.00975953690283,100.0
23.75989800684166,123.81353559048787,100.0
44.497110389198625,145.00543852524166,100.0
-10.042224213464134,-7.665628796340922,0.0
-5.0957687420847995,-5.179122446819427,0.0
-4.048845737836322,-4.514180064673649,0.0
-16.86919906093449,-17.431159880164326,0.0
-3.47756002162054,-7.644179045150246,0.0
16.724684749838044,116.56995110484672,100.0
5.244593512640423,7.128569080654541,0.0
21.242192498148412,125.2256536578854,100.0
9.237337383219346,8.714196491474988,0.0
2.2583231294471324,2.693976438362813,0.0
32.58283906875341,132.2408754475588,100.0
-15.316274279657032,-15.914947656635933,0.0
-9.490145802839997,-8.386235938011247,0.0
31.241015264597745,132.46610981689628,100.0
5.878158916883051,5.245758876693225,0.0
22.430210855242372,125.52712814989718,100.0
-4.130073156878868,-1.9846258970776822,0.0
-19.30705916672016,-20.11849528303778,0.0
18.74981031747772,118.6629046201299,100.0
3.1062641219274667,3.223683445225855,0.0
-39.75877652944517,-37.658429359567506,0.0
-28.298968446018318,-27.14778727565666,0.0
15.51499460544753,119.33684529423525,100.0
23.114495940558047,123.90618524110126,100.0
-0.21497342266390151,-1.707225559583081,0.0
6.198634984189156,0.808251247396913,0.0
-6.2808184949862635,-6.6923973467033715,0.0
-26.664953924427056,-24.821059236329056,0.0
-8.917007839918815,-8.505805376693843,0.0
3.3794316712987547,3.332080363150021,0.0
-0.5817446023354096,-1.733097160857289,0.0
18.571054124758376,119.5892925402722,100.0
58.04722215698915,158.9980287577426,100.0
26.690321768379114,127.59876628498806,100.0
-9.108140361672731,-9.871832374729765,0.0
-7.03227145970284,-6.339174544137502,0.0
-8.813723478375728,-7.757360561656437,0.0
6.146320791461509,9.237369566927882,0.0
-9.053739931123925,-9.846104631573157,0.0
11.087913918814087,111.94212890868607,100.0
13.581596134507347,114.84494563308431,100.0
20.272164801296746,118.69927814101702,100.0
-10.8912095536645,-10.956059394047216,0.0
8.244900477887775,7.6529174854030515,0.0
-23.350703553106438,-24.049333409588435,0.0
-15.950675136789506,-15.086635182918092,0.0
38.33719746626426,139.86164571582756,100.0
-0.164714619199115,-1.5174238165413532,0.0
19.7390387594085,119.04343826612963,100.0
-17.724244504774024,-18.85341662223554,0.0
22.242458844337367,121.56450404706254,100.0
10.801163488057613,110.34955356995948,100.0
-19.5980386507891,-18.767144804502564,0.0
-0.1505711859768605,0.9058283315335595,0.0
9.935626205183805,10.725719859682323,0.0
14.111608212621721,117.49041571769581,100.0
11.895983266340808,111.91444615945332,100.0
7.339095769695508,7.644752033493199,0.0
-42.478357817919495,-41.313224351386225,0.0
-8.954886600449866,-8.312840145838045,0.0
26.33323197289598,123.61789573814829,100.0
-17.665174226413885,-15.559024186982045,0.0
23.845396676006008,124.75958272429051,100.0
24.01456507387205,122.10174527256217,100.0
17.59785322029041,118.22794884707702,100.0
28.270114419124504,129.45965314719194,100.0
-7.4567653649029335,-7.670890826038289,0.0
0.9030006514687562,0.8489808340762426,0.0
-19.451387933579092,-22.78988591507062,0.0
14.016234969432913,112.67604107721834,100.0
-6.617169119126279,-5.1115143436463955,0.0
-16.893065381539557,-17.71469901379646,0.0
-0.23810605881168467,0.11119538040553589,0.0
-18.839743234471968,-15.944266282742314,0.0
-5.34760565943002,-3.6895271184906395,0.0
10.073070426467599,111.75437713810781,100.0
-1.374716969948358,-1.5295679196549778,0.0
18.875926759767797,117.76289835258095,100.0
8.88250658451456,9.936339944693666,0.0
-11.675034043487132,-12.577287979767824,0.0
32.43060855498449,130.10884706900492,100.0
-14.674821163111355,-14.582381418777981,0.0
-10.252886880303588,-9.828381289142941,0.0
23.4884831019523,123.97919320124524,100.0
-27.578519544138683,-28.148036412617856,0.0
-12.710686159850109,-11.740397578720442,0.0
15.002109366596624,116.61878272729182,100.0
20.73301005766676,119.41027437026892,100.0
-13.418979331303271,-14.169455547193735,0.0
31.225501589132453,133.2643871943494,100.0
-11.699781987618094,-9.164730519682315,0.0
-0.4394771600596912,0.9412074669056779,0.0
-15.607978113632106,-14.52560929226134,0.0
10.39117603515635,109.68480283890469,100.0
12.795864623670667,114.86813168936398,100.0
-9.033363413967846,-9.76356760138283,0.0
-14.983019087847275,-15.615384629134944,0.0
3.35291942005609,1.6965583034562541,0.0
-31.293908577843023,-31.931161947246522,0.0
25.962781198278996,126.1219904518654,100.0
1.1801992068519207,1.2410282532014167,0.0
14.113885681601387,111.79090735838479,100.0
-22.75269842340927,-22.13163919449299,0.0
-6.536078603000202,-4.6253990588996645,0.0
3.5004799592819755,5.53557024401768,0.0
-17.793326379958202,-18.49717635212796,0.0
6.09855226427229,9.568286683802027,0.0
-5.059994875759322,-5.524824322152746,0.0
-17.3364568706817,-18.932946342022408,0.0
-6.210780609984011,-4.232951426720059,0.0
-11.587939241105177,-12.009651643387187,0.0
-36.495169302128645,-35.46584849518715,0.0
2.91696692077021,2.574917433850813,0.0
-14.901831602069208,-13.627008637582858,0.0
11.580419235205506,111.8578195000034,100.0
16.01677082504574,115.79700435624828,100.0
15.384188627844448,115.17325857556226,100.0
21.10667281004862,120.40821755528223,100.0
-5.131629746656605,-2.2753074350736924,0.0
10.680726792126812,110.08171908685851,100.0
0.5245657957536389,2.5979618561214517,0.0
-35.40177740365022,-33.75545281062117,0.0
29.221562084396563,127.45963481666382,100.0
-15.710073265631996,-14.628710450115934,0.0
-8.335080588638531,-6.6489667557749295,0.0
-9.781031836540606,-10.782294787127391,0.0
-36.815500630804465,-37.007200724131124,0.0
2.9835428009959233,1.4179586695094235,0.0
-38.49930196416519,-39.20457202516633,0.0
-13.43759393667486,-14.605235919395815,0.0
-27.684639916505592,-25.802066347577284,0.0
2.241191859381745,2.141094804067425,0.0
-3.95422489204555,-3.9927042014010095,0.0
-2.508955958657585,-4.590544036501759,0.0
-56.05726704571999,-56.482676300630686,0.0
7.038308120379819,8.297084900790653,0.0
53.678386336065195,155.36011697683455,100.0
45.70091499119591,147.56549078561298,100.0
-6.586852182792511,-6.420369176871096,0.0
-3.1478926089893475,-2.2287705215360294,0.0
12.59248531583256,110.21523981223405,100.0
-18.23085669316801,-17.511424255442588,0.0
18.120189794590367,117.30254543693208,100.0
-8.157195436778602,-9.667234363529762,0.0
17.842095059703848,117.45504158954833,100.0
-1.2927546579961922,-1.3051380270848978,0.0
0.28708216099444517,-2.4706699970804733,0.0
-10.935946445807062,-7.6011358347103535,0.0
-16.775638367630116,-16.202707605099214,0.0
12.877545080139697,113.42990180311695,100.0
-17.38861656090491,-17.688966181253313,0.0
-20.219343558499503,-19.426308464086244,0.0
-17.343670207192634,-16.838312554500153,0.0
-29.426623542316587,-27.767437269961043,0.0
9.438730777681766,8.018017951121434,0.0
1.477394836782973,2.6372295578660774,0.0
-36.16645066184026,-35.76086864455199,0.0
5.365525429394931,4.1353352127032155,0.0
12.39603345398855,111.394303959747,100.0
-8.28536565203833,-9.186929732062328,0.0
9.830331695740128,13.764306687488517,0.0
-15.455029619074224,-14.948839591075336,0.0
-29.43814730761552,-28.334987542590493,0.0
-9.658442097926343,-8.206173785207085,0.0
-4.157337794921601,-3.7280919318915764,0.0
-30.792805331033545,-28.7435360826509,0.0
-10.044070169552018,-10.53850113344676,0.0
1.366143840027242,1.2784499891361376,0.0
-1.8978059168903156,-2.8275355947991514,0.0
-0.5012308553256701,0.44289250635432764,0.0
-26.087451285261256,-25.37381831819404,0.0
-24.04183209022871,-23.790117188514124,0.0
-17.058662141049698,-18.165788171683538,0.0
2.4871772172833717,4.818065416995443,0.0
5.3267054007375965,8.905147551789161,0.0
-9.126153237613789,-8.296390058091136,0.0
54.923648170102354,153.99018533696383,100.0
-4.300052927499963,-3.7296616631100035,0.0
-20.881428446346938,-19.030766993681993,0.0
15.245305060760169,115.0955425637028,100.0
19.123545868611988,119.81809439529486,100.0
25.313483131847963,128.1772087503863,100.0
-4.919221642865166,-5.578838901038184,0.0
0.6836603301150986,-0.02456647211138996,0.0
-16.007981581519314,-17.861297598492076,0.0
18.163191920815457,117.15513047103653,100.0
-10.569034147500867,-10.82658199346257,0.0
35.08745774435352,135.5711189381716,100.0
-4.1537254117110125,-2.705215944494014,0.0
-25.41065701856116,-27.054871762178244,0.0
13.565738389702473,112.5350709904149,100.0
34.48243871318191,134.30812477947106,100.0
-11.73483747239489,-13.366593883896476,0.0
-17.043576533231654,-17.00017656709457,0.0
12.083095787237665,112.31722316959744,100.0
-5.9770746271080455,-5.995464831278676,0.0
-22.323716321948297,-24.881524361186287,0.0
5.297101078191956,5.426353757419099,0.0
10.653021268972392,109.99949683849164,100.0
-26.022615302169978,-22.281832190193576,0.0
13.861186733970698,111.00797467925445,100.0
14.551747897758428,114.57595517609076,100.0
-21.37402558564636,-19.62498407547185,0.0
-13.960364472183851,-14.969042968936007,0.0
-31.250554160466358,-33.19742592222854,0.0
5.853910934345299,3.0071977853785685,0.0
20.273434019144986,121.25287893245353,100.0
-21.632544486092527,-20.62249052027898,0.0
-26.208341667421465,-25.985842171844787,0.0
-3.74266462077394,-4.953426272032606,0.0
14.560127862666944,116.26095420797738,100.0
-6.203949207757706,-2.631916080542426,0.0
-34.2079619181887,-34.111193074011815,0.0
-24.056259121937025,-25.412284840094294,0.0
-11.790549777426206,-12.85574800725102,0.0
-25.302272728197998,-26.71889174926229,0.0
16.67001780073964,119.07070996674047,100.0
2.1265629604512726,-0.5211850894130586,0.0
-3.5275919226812658,-5.938745857457761,0.0
-7.389637946430865,-6.5614737824266465,0.0
-5.2186939616694925,-3.2430262215593615,0.0
28.513312328467606,128.0654306932817,100.0
30.84673157804291,132.28152070887722,100.0
5.914572388683412,6.706265189973216,0.0
-14.690776676183312,-14.703123006143286,0.0
-15.663548528354939,-14.754130249177905,0.0
5.894147430239254,8.182552152377882,0.0
13.671389080020855,112.33040004848456,100.0
3.695478528986375,4.831293627587472,0.0
17.542049430602344,115.85866623129323,100.0
1.4216916961563206,-0.15078823719472556,0.0
6.824823780754042,5.431668334749728,0.0
-7.595826089089506,-9.17412539183932,0.0
47.87611375041118,148.27023132206995,100.0
-8.17618654384084,-10.766741516674005,0.0
-28.68717237340809,-29.41279746285149,0.0
33.67208375107199,132.20831653224172,100.0
1.4880317782945673,1.1542183420646457,0.0
6.126336874386128,5.738101147763346,0.0
1.4122567450509202,2.591210295443115,0.0
23.49482665676167,124.12476507436205,100.0
27.79662137333149,126.81376742250752,100.0
18.7498918073471,120.02050716678212,100.0
1.1672929042938327,2.1971055802487705,0.0
-29.56075597284583,-31.94632146351616,0.0
-17.39299254910496,-13.813820311991078,0.0
8.980884471777657,8.98637335670948,0.0
5.141814442032135,8.130306784750555,0.0
19.588590007308788,121.82845285743682,100.0
12.988763776949142,116.49653355859228,100.0
-17.08902164720392,-17.666203071571573,0.0
-33.53375138682865,-35.82609166591121,0.0
-0.37444329942204346,-1.0382644524681863,0.0
27.402083491371013,123.44375534799416,100.0
4.287422412615892,2.708608722492015,0.0
-4.107324274584678,-4.676323173693921,0.0
-8.120407017017614,-6.976561822521293,0.0
-20.647654422493783,-19.932393765422454,0.0
-5.720322780369401,-7.519570082697804,0.0
2.684846309455544,0.9310801619693199,0.0
20.38785938188805,122.3012008718629,100.0
3.4930591613567197,4.453119742366181,0.0
-20.789332339026913,-20.37346835562634,0.0
8.078983486286546,8.952910510485644,0.0
15.174507165879355,115.21320911127853,100.0
-0.07826006117055306,3.281716003257519,0.0
-22.87222307455212,-23.274147313683116,0.0
-27.272437444852148,-26.788304986054374,0.0
16.942806084945335,117.48300385676524,100.0
-9.664742733184164,-9.948450139522524,0.0
-3.0311101299865233,-2.521515122775689,0.0
-3.5891417301505015,-3.9856275668739958,0.0
-7.936658209179029,-10.859990117557663,0.0
7.342868339568039,5.096592788907988,0.0
15.888325376301577,115.20883693476694,100.0
-4.709915994606542,-6.272403542209317,0.0
-14.185831105874348,-12.675846950937435,0.0
16.248688352010507,115.62229972057584,100.0
-5.144112813640003,-4.279838491172741,0.0
1.9157776441021221,1.6622337645410992,0.0
29.6391523762299,131.27411263842134,100.0
-5.510493390993357,-6.151489648021948,0.0
-17.381647906957763,-18.90106340826059,0.0
42.452992512823535,142.74311281503049,100.0
-0.4055581293436159,0.6393693346627816,0.0
40.09486228675111,138.69770698089903,100.0
4.979715689830625,4.787748391295656,0.0
-7.722696035872494,-9.77277493748215,0.0
31.74224828953167,132.82493370335146,100.0
38.07945589598508,139.0755718314875,100.0
-11.338307978179465,-13.006432489441329,0.0
2.938686338788252,3.7887725933434453,0.0
-10.379389463352524,-10.601233119289724,0.0
5.0019705812074315,4.901030136105787,0.0
20.26900649406593,119.78328054305884,100.0
2.477293886827665,4.117361382817224,0.0
30.150541017799636,128.7420850983995,100.0
-10.393196091195724,-9.738253125183189,0.0
17.407429792472076,117.40951446523798,100.0
-27.031624727854318,-28.02135130400768,0.0
-3.476251544202391,-3.0593350369605745,0.0
-17.06708921908052,-16.962121318165003,0.0
28.131582490822144,126.92878409920037,100.0
-20.381372889870192,-20.51022779868498,0.0
-25.162909581673475,-22.823334043649965,0.0
-9.297554402400555,-9.906503202503012,0.0
-1.478576379506893,-5.245340854293671,0.0
18.892147814504103,118.30916339614241,100.0
-33.340440370585114,-32.51184642539187,0.0
38.114562930163515,138.3256934118348,100.0
-14.87418073548837,-12.854426105699858,0.0
3.161975164452336,4.4822788895723065,0.0
-30.80966108127782,-31.829425864379292,0.0
15.168802418628255,115.69839185540864,100.0
-19.62807425703982,-17.722663648452947,0.0
28.52139344843145,127.55305775938614,100.0
26.312558449156956,127.7169162222772,100.0
-24.00577166831784,-25.28154571308466,0.0
-43.437112698252214,-39.78430973260537,0.0
-25.351715253554755,-23.466008634953475,0.0
-32.135388367844854,-32.788104555898954,0.0
29.39812932627292,130.63717533710218,100.0
14.932628663934905,115.38742197669156,100.0
-23.016895848998452,-22.967017058990837,0.0
-1.2053331643972438,-1.4378221597610135,0.0
0.19370325046112202,0.46692700251710195,0.0
-17.543425797085128,-17.769573679940166,0.0
10.790530363802779,108.86033225500978,100.0
-10.919134740154766,-9.86632765664984,0.0
-27.996230050023062,-27.51132814293972,0.0
-20.533194818016952,-21.605556486466345,0.0
-19.977968020352293,-17.566072544203138,0.0
-0.5588439946236247,1.3291997704158593,0.0
-6.87983278517781,-6.502870241177487,0.0
19.1482755620726,121.0974350847998,100.0
18.388532395431632,119.86408050123762,100.0
-34.056228681936425,-35.638731751094014,0.0
-9.423263924095838,-9.95105426022921,0.0
24.814306741613578,126.79183518926764,100.0
-1.6755219200661036,-0.03567763604175314,0.0
17.987282595391097,118.36393331878163,100.0
-4.820355989005584,-3.5283346967984652,0.0
23.181363392378298,125.28542375205876,100.0
-9.379759320136605,-8.690541310238123,0.0
-6.595234164085971,-6.305947783403936,0.0
-23.7808134876544,-21.0754827041171,0.0
14.851183124917794,113.81284533162743,100.0
3.059671019785588,6.270230684264516,0.0
9.16581299444412,8.041564476237646,0.0
-1.9951965732560786,-3.4191602841494615,0.0
-12.331657322301027,-10.16136180879707,0.0
22.147489104014983,120.77583567754833,100.0
-44.64334066807962,-46.74300372935466,0.0
19.97746825155268,117.34249090997149,100.0
-16.02253770798728,-14.259873250832074,0.0
18.820568918855198,120.98846272927392,100.0
25.615564968331707,125.10621591073128,100.0
-12.475720665378224,-14.13382267168508,0.0
-11.140490603123805,-10.892793250515203,0.0
-6.016699770491586,-4.924702320059432,0.0
-5.403813664683423,-5.552136868241669,0.0
-15.602555199338727,-12.943540365999288,0.0
-25.82003672848651,-24.84628818176469,0.0
-3.199988437524595,-2.0893283495533286,0.0
19.528726781612416,120.45995712553197,100.0
-27.90849087571694,-26.459595503231636,0.0
-12.722255491158727,-14.063012623675526,0.0
12.249532565104817,111.01598629413046,100.0
-13.214025158786638,-12.627532531522636,0.0
19.428350756017704,117.74206523155564,100.0
-26.98391384482308,-25.97909189386836,0.0
40.13328012806117,141.2428167066451,100.0
-15.532494118334123,-17.106281636464118,0.0
-9.12892679551283,-10.577609421861155,0.0
-11.680486388095916,-9.606408143470917,0.0
-3.233595734165943,-2.99692251137792,0.0
-2.9981832014754364,-2.305077558547077,0.0
13.130965389269026,113.13761607244247,100.0
8.281691450289532,8.17341326064842,0.0
-30.1180863768386,-28.545783685669274,0.0
15.85096697307454,114.75264297092866,100.0
-1.2118465362108053,-3.3298885995015066,0.0
-25.927241809994833,-24.64021057327526,0.0
-21.519552677126796,-24.61355318016874,0.0
1.7591458756510114,1.3082787175898534,0.0
-3.9503225891305993,-2.976930370551818,0.0
-23.15165500304754,-22.702240199883562,0.0
-4.577574664838163,-3.2660346184333715,0.0
19.709507316365762,120.75068947488673,100.0
5.317636756947957,5.213400988615888,0.0
-17.837384692858905,-17.212500436321758,0.0
-7.077614891212557,-5.842806232539841,0.0
21.939989509701483,121.85483924041944,100.0
13.098432996374697,111.4883661421042,100.0
-7.309858336465869,-7.718250598728834,0.0
31.38700063190404,131.69227258164884,100.0
10.952758610734383,110.20618981737923,100.0
